person_age,person_income,person_home_ownership,person_emp_length,loan_intent,loan_grade,loan_amnt,loan_int_rate,loan_status,loan_percent_income,cb_person_default_on_file,cb_person_cred_hist_length
33,30000,MORTGAGE,1.0,EDUCATION,B,12250,11.36,0,0.41,N,8
26,37000,RENT,10.0,PERSONAL,B,6300,10.99,0,0.17,N,3
25,36996,RENT,2.0,EDUCATION,E,12450,16.32,1,0.34,N,2
22,37000,MORTGAGE,6.0,MEDICAL,B,2500,10.37,0,0.07,N,4
26,9840,RENT,5.0,VENTURE,B,1750,9.99,1,0.18,N,4
27,42000,MORTGAGE,11.0,PERSONAL,A,3500,8.49,0,0.08,N,9
27,34000,MORTGAGE,12.0,VENTURE,C,10625,13.47,0,0.31,Y,10
25,49963,MORTGAGE,9.0,EDUCATION,B,2100,11.49,1,0.04,N,3
32,45400,RENT,4.0,PERSONAL,B,15000,12.18,1,0.33,N,6
28,86000,RENT,13.0,MEDICAL,A,8000,5.99,0,0.09,N,10
21,17000,RENT,0.0,DEBTCONSOLIDATION,E,1500,18.64,1,0.09,N,2
23,43000,RENT,1.0,DEBTCONSOLIDATION,A,3000,8.49,0,0.07,N,3
26,55000,RENT,10.0,MEDICAL,A,8400,8.94,0,0.15,N,3
48,82500,RENT,4.0,HOMEIMPROVEMENT,A,18000,7.51,0,0.22,N,16
31,22000,RENT,6.0,EDUCATION,B,4800,10.65,0,0.22,N,10
23,92500,MORTGAGE,5.0,EDUCATION,A,2500,,0,0.03,N,2
22,42000,RENT,0.0,VENTURE,C,3600,14.72,0,0.09,Y,4
25,90000,MORTGAGE,9.0,EDUCATION,A,7750,7.51,0,0.09,N,4
26,145000,RENT,1.0,DEBTCONSOLIDATION,B,10000,10.99,0,0.07,N,3
27,37595,RENT,6.0,DEBTCONSOLIDATION,A,9600,7.14,0,0.26,N,8
25,66000,RENT,9.0,PERSONAL,D,12000,16.89,1,0.18,N,2
33,38000,OWN,4.0,MEDICAL,B,10000,10.99,0,0.26,N,10
24,40000,RENT,,PERSONAL,D,3000,17.27,1,0.07,Y,2
26,21312,RENT,0.0,PERSONAL,B,8875,10.59,1,0.42,N,2
22,40000,RENT,2.0,EDUCATION,B,7000,11.99,0,0.17,N,4
23,91000,MORTGAGE,5.0,VENTURE,D,10000,16.32,0,0.11,Y,3
28,128000,MORTGAGE,11.0,DEBTCONSOLIDATION,G,14400,22.11,1,0.11,Y,8
24,93000,RENT,2.0,HOMEIMPROVEMENT,B,2100,9.91,1,0.02,N,2
50,44000,RENT,14.0,MEDICAL,G,20000,20.4,1,0.45,N,11
25,59256,RENT,,MEDICAL,C,17600,12.99,0,0.3,N,2
28,190000,MORTGAGE,1.0,HOMEIMPROVEMENT,D,35000,17.49,0,0.18,N,6
21,20000,RENT,2.0,DEBTCONSOLIDATION,B,5000,10.39,0,0.25,N,2
22,65000,RENT,3.0,DEBTCONSOLIDATION,C,2000,14.27,0,0.03,Y,4
28,30000,RENT,0.0,VENTURE,D,10000,14.54,1,0.33,N,7
23,78000,RENT,5.0,MEDICAL,B,17000,10.99,0,0.22,N,3
30,31000,MORTGAGE,14.0,HOMEIMPROVEMENT,B,2400,10.65,1,0.08,N,5
24,38000,RENT,6.0,VENTURE,A,5600,,0,0.15,N,3
23,57000,MORTGAGE,5.0,VENTURE,B,18000,11.11,0,0.32,N,2
28,24000,RENT,,PERSONAL,C,3000,15.23,0,0.13,Y,7
37,40000,OWN,1.0,HOMEIMPROVEMENT,B,15000,11.48,0,0.38,N,17
24,102960,MORTGAGE,2.0,DEBTCONSOLIDATION,A,16000,7.88,0,0.16,N,2
23,69000,RENT,8.0,EDUCATION,B,9000,9.63,1,0.13,N,4
29,175000,MORTGAGE,2.0,MEDICAL,A,10000,,0,0.06,N,7
26,100000,RENT,6.0,VENTURE,C,14000,13.85,0,0.14,N,4
26,65000,MORTGAGE,10.0,DEBTCONSOLIDATION,A,5000,7.51,0,0.08,N,2
22,49000,RENT,7.0,PERSONAL,A,7500,6.62,0,0.15,N,3
29,60000,RENT,0.0,MEDICAL,C,5000,14.22,1,0.08,N,9
29,100000,MORTGAGE,2.0,PERSONAL,C,5000,15.96,0,0.05,N,8
37,24000,RENT,2.0,DEBTCONSOLIDATION,C,5000,14.65,0,0.21,Y,15
66,82000,MORTGAGE,8.0,PERSONAL,A,28000,7.9,0,0.34,N,20
22,72000,MORTGAGE,6.0,MEDICAL,A,5000,6.54,0,0.07,N,2
23,40800,OWN,,MEDICAL,A,21000,6.17,0,0.51,N,3
34,54072,MORTGAGE,12.0,MEDICAL,B,7000,11.89,0,0.13,N,9
21,25000,RENT,1.0,EDUCATION,B,7000,12.69,0,0.28,N,2
25,22000,RENT,3.0,VENTURE,A,7200,5.79,1,0.33,N,2
25,60000,RENT,3.0,HOMEIMPROVEMENT,A,7000,6.92,0,0.12,N,2
26,92000,RENT,0.0,VENTURE,D,6000,15.58,1,0.07,N,3
26,55000,RENT,10.0,MEDICAL,B,15000,11.12,0,0.27,N,2
22,34000,MORTGAGE,6.0,VENTURE,D,15000,15.99,1,0.44,Y,2
30,108000,RENT,1.0,PERSONAL,D,8000,14.96,1,0.07,Y,7
32,86400,MORTGAGE,16.0,MEDICAL,A,8000,6.03,0,0.09,N,10
23,10000,RENT,,PERSONAL,B,1000,10.37,1,0.1,N,2
27,46000,OWN,0.0,EDUCATION,A,18000,6.17,0,0.39,N,5
29,42996,RENT,5.0,VENTURE,C,6000,15.96,1,0.14,N,5
32,49200,MORTGAGE,5.0,HOMEIMPROVEMENT,A,5000,7.74,0,0.1,N,10
24,51000,MORTGAGE,4.0,EDUCATION,A,8500,8.94,0,0.17,N,4
26,15436,RENT,,HOMEIMPROVEMENT,A,5500,7.88,1,0.36,N,3
21,35000,MORTGAGE,2.0,VENTURE,A,800,7.37,0,0.02,N,3
32,108000,RENT,3.0,HOMEIMPROVEMENT,D,7000,16.29,1,0.06,Y,6
28,52000,RENT,12.0,EDUCATION,B,12000,,0,0.23,N,8
25,110000,MORTGAGE,9.0,DEBTCONSOLIDATION,A,18000,,0,0.16,N,2
24,61100,RENT,1.0,DEBTCONSOLIDATION,B,15000,12.53,0,0.25,N,2
28,128400,MORTGAGE,3.0,PERSONAL,C,4000,13.35,0,0.03,Y,8
21,32400,MORTGAGE,2.0,EDUCATION,A,10000,5.42,0,0.31,N,2
23,56000,RENT,4.0,DEBTCONSOLIDATION,B,15000,12.69,1,0.27,N,4
41,37000,MORTGAGE,3.0,EDUCATION,C,6000,12.99,0,0.16,N,11
27,39600,MORTGAGE,11.0,DEBTCONSOLIDATION,A,4800,6.76,0,0.12,N,9
37,30000,OWN,13.0,EDUCATION,D,4800,16.29,0,0.16,N,11
24,32000,RENT,1.0,MEDICAL,A,5000,,0,0.16,N,3
26,46000,RENT,4.0,PERSONAL,A,9000,7.14,0,0.2,N,3
42,74000,MORTGAGE,1.0,PERSONAL,C,16000,12.73,0,0.22,N,16
33,24000,RENT,6.0,DEBTCONSOLIDATION,A,10000,8.9,1,0.42,N,5
47,85000,MORTGAGE,5.0,DEBTCONSOLIDATION,A,5500,6.76,0,0.06,N,12
28,24000,RENT,,MEDICAL,D,7950,15.99,1,0.33,N,5
30,46800,RENT,0.0,EDUCATION,A,7500,7.88,0,0.16,N,10
26,84000,RENT,7.0,DEBTCONSOLIDATION,D,15000,16.0,1,0.18,Y,2
29,265000,MORTGAGE,2.0,PERSONAL,B,25000,11.26,0,0.09,N,10
23,85000,RENT,2.0,EDUCATION,B,5000,11.58,0,0.06,N,3
27,33000,RENT,7.0,EDUCATION,A,4000,6.76,0,0.12,N,9
32,71000,MORTGAGE,10.0,MEDICAL,A,14000,6.99,0,0.2,N,5
29,64744,RENT,13.0,EDUCATION,B,4800,,0,0.07,N,6
23,22884,MORTGAGE,4.0,EDUCATION,E,6000,16.0,0,0.26,N,2
31,40000,RENT,2.0,DEBTCONSOLIDATION,C,14600,,1,0.36,Y,5
24,70000,MORTGAGE,1.0,VENTURE,B,15000,11.46,0,0.21,N,2
30,39500,RENT,3.0,EDUCATION,A,6925,7.88,0,0.18,N,9
22,88200,MORTGAGE,1.0,VENTURE,D,19000,14.61,0,0.22,Y,3
24,91000,MORTGAGE,8.0,HOMEIMPROVEMENT,B,10000,10.99,0,0.11,N,4
29,90000,MORTGAGE,1.0,MEDICAL,A,12000,5.79,0,0.13,N,9
28,54000,MORTGAGE,12.0,MEDICAL,C,6000,15.23,1,0.11,N,8
29,41779,RENT,5.0,EDUCATION,A,7000,5.79,0,0.17,N,10
28,86000,MORTGAGE,12.0,PERSONAL,A,15600,5.99,0,0.18,N,7
22,39000,RENT,2.0,PERSONAL,D,10000,16.07,1,0.26,Y,2
23,41000,MORTGAGE,7.0,EDUCATION,A,6000,6.03,0,0.15,N,4
23,56000,OWN,7.0,EDUCATION,B,20000,,0,0.36,N,3
22,50000,MORTGAGE,7.0,VENTURE,B,8800,11.11,0,0.18,N,4
26,41892,RENT,8.0,EDUCATION,C,11300,13.22,0,0.27,N,4
25,36228,RENT,4.0,MEDICAL,A,2500,7.66,1,0.07,N,2
30,42000,RENT,0.0,EDUCATION,B,2250,8.88,0,0.05,N,7
24,32004,RENT,3.0,DEBTCONSOLIDATION,C,5000,13.23,0,0.16,N,2
21,38000,RENT,5.0,EDUCATION,B,12000,10.37,1,0.32,N,4
29,72000,MORTGAGE,13.0,VENTURE,A,22100,7.29,0,0.31,N,5
32,24000,RENT,7.0,DEBTCONSOLIDATION,B,2800,10.99,0,0.12,N,9
33,62000,RENT,17.0,VENTURE,A,7000,6.99,0,0.11,N,9
28,75000,RENT,6.0,EDUCATION,A,8000,7.9,0,0.11,N,6
22,60000,MORTGAGE,1.0,MEDICAL,A,10000,7.9,0,0.17,N,4
22,69950,MORTGAGE,6.0,EDUCATION,C,9750,14.65,0,0.14,N,2
36,32400,MORTGAGE,20.0,PERSONAL,D,6600,13.24,0,0.2,Y,11
30,144600,RENT,14.0,VENTURE,B,24250,,0,0.17,N,6
25,48000,MORTGAGE,0.0,MEDICAL,C,23500,13.49,0,0.49,Y,4
26,126000,MORTGAGE,4.0,DEBTCONSOLIDATION,C,7500,13.92,0,0.06,N,2
31,30016,OWN,3.0,HOMEIMPROVEMENT,A,11000,8.94,0,0.37,N,10
23,46800,OWN,7.0,VENTURE,C,9000,,0,0.19,Y,4
30,51000,MORTGAGE,6.0,HOMEIMPROVEMENT,A,6600,6.92,0,0.13,N,9
22,28500,RENT,2.0,HOMEIMPROVEMENT,D,6250,14.84,1,0.22,N,4
22,45012,RENT,6.0,MEDICAL,D,6500,13.99,1,0.14,N,2
25,76248,MORTGAGE,6.0,DEBTCONSOLIDATION,C,9750,14.27,1,0.13,Y,3
23,54000,MORTGAGE,7.0,EDUCATION,B,4800,12.42,0,0.09,N,2
21,60675,RENT,5.0,PERSONAL,C,7200,14.72,0,0.12,Y,2
34,185000,MORTGAGE,18.0,DEBTCONSOLIDATION,C,18250,,0,0.1,Y,5
25,85000,RENT,4.0,HOMEIMPROVEMENT,B,20000,,0,0.24,N,2
23,80000,OWN,7.0,PERSONAL,B,9000,9.62,0,0.11,N,2
22,48000,RENT,0.0,EDUCATION,A,1000,7.29,0,0.02,N,2
24,70000,MORTGAGE,2.0,PERSONAL,A,17000,7.51,0,0.24,N,4
23,42000,MORTGAGE,7.0,VENTURE,C,12000,15.23,0,0.29,Y,3
29,70000,MORTGAGE,7.0,MEDICAL,B,4000,11.86,0,0.06,N,5
26,43200,RENT,5.0,EDUCATION,C,3200,14.35,0,0.07,Y,4
29,186063,MORTGAGE,14.0,EDUCATION,B,25000,10.46,0,0.13,N,6
24,72000,MORTGAGE,2.0,DEBTCONSOLIDATION,A,6000,7.49,0,0.08,N,4
23,57600,RENT,1.0,DEBTCONSOLIDATION,A,4000,7.75,0,0.07,N,2
21,53000,OWN,5.0,PERSONAL,B,14400,11.36,0,0.27,N,3
25,78000,RENT,6.0,HOMEIMPROVEMENT,B,12000,12.53,0,0.15,N,2
26,30000,RENT,3.0,MEDICAL,C,4000,14.27,1,0.13,Y,2
34,30000,MORTGAGE,6.0,MEDICAL,B,4650,,0,0.15,N,8
24,30000,RENT,0.0,MEDICAL,A,2000,8.07,0,0.07,N,4
24,51000,RENT,2.0,DEBTCONSOLIDATION,D,5000,14.74,1,0.1,Y,2
25,125000,RENT,9.0,EDUCATION,C,21000,12.99,0,0.17,Y,3
28,60000,MORTGAGE,0.0,HOMEIMPROVEMENT,A,7500,5.79,0,0.13,N,8
27,54000,MORTGAGE,4.0,MEDICAL,A,9000,6.62,0,0.17,N,10
25,26000,RENT,7.0,MEDICAL,C,2000,12.99,0,0.08,Y,4
34,109200,MORTGAGE,18.0,VENTURE,C,6000,12.23,0,0.05,Y,9
34,75000,MORTGAGE,6.0,DEBTCONSOLIDATION,A,6000,7.51,0,0.08,N,7
32,49000,RENT,13.0,HOMEIMPROVEMENT,B,3500,10.65,1,0.07,N,6
32,32004,RENT,1.0,VENTURE,D,3400,,1,0.11,Y,5
53,46000,OWN,9.0,PERSONAL,B,4925,11.71,0,0.11,N,23
24,14880,RENT,2.0,EDUCATION,B,6000,10.0,1,0.4,N,3
21,35000,MORTGAGE,5.0,DEBTCONSOLIDATION,A,13650,7.51,0,0.39,N,4
22,74476,MORTGAGE,6.0,EDUCATION,A,5000,8.49,1,0.07,N,2
23,68000,OWN,2.0,VENTURE,A,14000,,0,0.21,N,3
26,66996,RENT,10.0,PERSONAL,D,25000,15.21,1,0.37,Y,2
32,90000,MORTGAGE,16.0,EDUCATION,C,21400,15.23,0,0.24,Y,5
33,19200,RENT,,PERSONAL,B,6000,10.65,1,0.31,N,6
23,65500,RENT,2.0,DEBTCONSOLIDATION,C,20000,13.22,1,0.31,N,2
39,64000,RENT,9.0,HOMEIMPROVEMENT,C,4800,12.73,0,0.07,Y,11
25,24000,OWN,7.0,HOMEIMPROVEMENT,A,6000,5.42,0,0.25,N,4
25,45000,RENT,0.0,MEDICAL,A,12000,7.66,0,0.27,N,4
25,162000,MORTGAGE,5.0,DEBTCONSOLIDATION,E,25000,16.0,1,0.15,Y,3
40,80004,MORTGAGE,15.0,EDUCATION,A,9500,7.51,0,0.12,N,12
24,100000,RENT,6.0,DEBTCONSOLIDATION,A,11000,5.42,0,0.11,N,4
27,39000,RENT,3.0,DEBTCONSOLIDATION,C,16000,12.73,1,0.41,N,8
24,102000,RENT,8.0,EDUCATION,C,18000,12.53,0,0.18,Y,3
36,45000,RENT,16.0,MEDICAL,B,7000,9.91,0,0.16,N,12
24,106800,MORTGAGE,8.0,PERSONAL,C,16000,13.06,0,0.15,Y,4
24,40000,RENT,0.0,MEDICAL,A,10000,5.79,0,0.25,N,2
25,36500,MORTGAGE,7.0,DEBTCONSOLIDATION,A,3200,9.63,0,0.09,N,3
23,66000,RENT,0.0,EDUCATION,B,9200,11.86,0,0.14,N,2
25,39500,RENT,2.0,MEDICAL,A,10000,5.99,0,0.25,N,2
27,24000,MORTGAGE,2.0,DEBTCONSOLIDATION,B,9200,,0,0.38,N,9
29,90000,MORTGAGE,13.0,VENTURE,B,10000,12.21,0,0.11,N,10
27,36000,RENT,2.0,EDUCATION,D,9300,,1,0.26,Y,9
21,30000,RENT,5.0,VENTURE,B,7500,9.99,0,0.25,N,4
24,54000,MORTGAGE,2.0,VENTURE,A,8700,7.05,0,0.16,N,4
24,73000,MORTGAGE,,EDUCATION,A,16000,7.88,0,0.22,N,4
40,40008,OWN,20.0,PERSONAL,B,12000,11.71,0,0.3,N,15
25,153000,RENT,9.0,DEBTCONSOLIDATION,D,10000,14.96,1,0.07,Y,4
28,69996,MORTGAGE,1.0,HOMEIMPROVEMENT,B,7200,11.83,0,0.1,N,10
22,86000,MORTGAGE,4.0,PERSONAL,A,24000,7.51,0,0.28,N,2
23,54500,RENT,2.0,DEBTCONSOLIDATION,A,8000,,0,0.15,N,2
22,27600,RENT,7.0,MEDICAL,B,7200,10.59,0,0.26,N,3
33,156000,MORTGAGE,4.0,EDUCATION,A,2400,7.49,0,0.02,N,6
45,80000,RENT,10.0,MEDICAL,A,35000,,1,0.44,N,13
25,45149,MORTGAGE,,EDUCATION,A,9000,5.79,0,0.2,N,4
24,13000,RENT,0.0,DEBTCONSOLIDATION,A,5000,8.0,1,0.38,N,2
23,65000,RENT,8.0,PERSONAL,A,6200,,0,0.1,N,2
43,72800,MORTGAGE,7.0,HOMEIMPROVEMENT,C,20000,12.84,0,0.27,Y,12
27,54000,RENT,1.0,HOMEIMPROVEMENT,C,5400,14.27,0,0.1,N,6
25,150000,MORTGAGE,5.0,DEBTCONSOLIDATION,A,10000,6.54,0,0.07,N,4
24,28800,RENT,5.0,PERSONAL,A,8000,,0,0.28,N,3
36,63599,MORTGAGE,10.0,HOMEIMPROVEMENT,A,5200,7.91,0,0.08,N,14
28,25000,RENT,11.0,MEDICAL,A,3500,7.14,0,0.14,N,10
24,62472,RENT,2.0,EDUCATION,C,5500,12.73,0,0.09,N,2
23,69996,MORTGAGE,4.0,VENTURE,A,4000,8.0,0,0.06,N,2
22,31200,RENT,0.0,PERSONAL,D,8000,14.3,1,0.26,Y,3
22,36480,RENT,2.0,VENTURE,B,10800,8.88,0,0.3,N,4
24,110000,MORTGAGE,8.0,MEDICAL,A,10800,6.99,0,0.1,N,4
22,105000,MORTGAGE,3.0,PERSONAL,C,16000,12.73,0,0.15,Y,4
35,80000,RENT,19.0,VENTURE,D,25000,14.09,1,0.31,Y,10
24,50004,OWN,2.0,MEDICAL,B,10000,11.12,0,0.2,N,2
23,32000,MORTGAGE,4.0,EDUCATION,A,1200,7.68,0,0.04,N,2
35,36000,MORTGAGE,3.0,EDUCATION,B,5000,11.12,0,0.14,N,6
24,70000,RENT,1.0,VENTURE,B,12000,11.58,0,0.17,N,3
25,46000,RENT,5.0,DEBTCONSOLIDATION,C,7200,,0,0.16,Y,3
23,60000,MORTGAGE,0.0,MEDICAL,A,5000,,0,0.08,N,2
23,41004,MORTGAGE,8.0,VENTURE,A,10000,9.32,0,0.24,N,4
35,130000,MORTGAGE,2.0,PERSONAL,B,12000,10.08,0,0.09,N,7
22,73000,MORTGAGE,3.0,MEDICAL,B,17000,11.99,0,0.23,N,3
26,30000,RENT,4.0,PERSONAL,C,5000,,0,0.17,Y,2
28,44000,MORTGAGE,5.0,DEBTCONSOLIDATION,C,7000,13.06,0,0.16,N,9
23,25000,MORTGAGE,0.0,PERSONAL,C,4750,13.57,0,0.19,N,2
21,12960,RENT,2.0,VENTURE,B,2525,,1,0.19,N,2
40,45600,MORTGAGE,20.0,HOMEIMPROVEMENT,A,7000,6.62,0,0.15,N,17
31,55000,MORTGAGE,9.0,DEBTCONSOLIDATION,A,8000,7.49,0,0.15,N,9
29,96000,MORTGAGE,1.0,DEBTCONSOLIDATION,A,11200,5.42,0,0.12,N,9
23,45630,RENT,0.0,DEBTCONSOLIDATION,E,4000,19.29,1,0.09,Y,3
31,46700,MORTGAGE,5.0,MEDICAL,B,7200,,0,0.15,N,6
30,37000,RENT,2.0,EDUCATION,B,2600,9.25,0,0.07,N,7
31,62839,RENT,15.0,HOMEIMPROVEMENT,D,9000,15.33,0,0.14,N,10
30,61800,MORTGAGE,6.0,DEBTCONSOLIDATION,B,20000,11.36,0,0.32,N,8
24,150000,RENT,8.0,VENTURE,B,5000,,0,0.03,N,4
28,75000,MORTGAGE,10.0,MEDICAL,A,9800,,0,0.13,N,7
33,30000,RENT,14.0,MEDICAL,B,7500,11.86,1,0.25,N,8
22,64000,RENT,2.0,DEBTCONSOLIDATION,A,14000,7.88,0,0.22,N,3
22,37200,RENT,6.0,HOMEIMPROVEMENT,A,7000,7.9,1,0.19,N,2
29,52000,RENT,9.0,VENTURE,A,10000,8.0,0,0.19,N,6
35,234600,MORTGAGE,1.0,HOMEIMPROVEMENT,D,7500,15.05,0,0.03,Y,6
22,35000,OWN,1.0,EDUCATION,B,8000,12.69,0,0.23,N,4
22,40000,RENT,2.0,VENTURE,A,11200,7.88,0,0.28,N,2
28,37000,MORTGAGE,3.0,HOMEIMPROVEMENT,C,6000,12.53,1,0.16,N,9
32,11688,RENT,,PERSONAL,C,5600,13.48,1,0.48,Y,10
22,30000,OWN,6.0,VENTURE,A,6000,7.49,0,0.2,N,3
24,35000,OWN,2.0,VENTURE,B,3600,9.99,0,0.1,N,4
22,40000,RENT,4.0,DEBTCONSOLIDATION,B,14125,11.49,1,0.35,N,3
23,29000,RENT,4.0,MEDICAL,D,13450,12.61,1,0.46,N,3
22,30000,MORTGAGE,6.0,EDUCATION,D,6600,14.42,0,0.22,N,4
22,75000,RENT,2.0,DEBTCONSOLIDATION,A,5000,5.79,0,0.07,N,2
25,30000,RENT,4.0,HOMEIMPROVEMENT,B,3000,12.21,1,0.1,N,4
30,110000,RENT,9.0,HOMEIMPROVEMENT,C,16000,,0,0.15,Y,6
24,136000,MORTGAGE,9.0,PERSONAL,F,25000,19.13,1,0.18,N,3
30,90000,RENT,4.0,EDUCATION,E,10000,14.18,0,0.11,Y,10
29,50000,MORTGAGE,0.0,PERSONAL,A,6300,6.62,0,0.13,N,8
30,41600,MORTGAGE,2.0,EDUCATION,A,4500,6.76,0,0.11,N,9
24,45000,RENT,1.0,EDUCATION,A,8400,7.9,0,0.19,N,3
23,39000,MORTGAGE,0.0,MEDICAL,D,8000,14.11,1,0.21,N,3
33,14400,OWN,0.0,VENTURE,C,2000,14.79,0,0.14,N,8
25,85000,MORTGAGE,9.0,VENTURE,C,7200,13.57,0,0.08,N,3
37,20000,OWN,2.0,VENTURE,B,3000,12.69,0,0.15,N,17
24,80000,MORTGAGE,8.0,HOMEIMPROVEMENT,A,5550,8.49,0,0.07,N,2
35,100000,MORTGAGE,14.0,VENTURE,A,10000,6.62,0,0.1,N,8
31,200000,MORTGAGE,,VENTURE,A,9000,7.88,0,0.04,N,6
33,50000,MORTGAGE,14.0,DEBTCONSOLIDATION,D,10000,16.89,1,0.2,N,7
24,48661,MORTGAGE,7.0,EDUCATION,D,8000,17.58,0,0.16,N,2
21,41000,MORTGAGE,4.0,DEBTCONSOLIDATION,A,7000,6.03,0,0.17,N,3
26,66300,RENT,0.0,MEDICAL,D,17000,16.77,1,0.22,Y,3
28,24996,MORTGAGE,6.0,PERSONAL,A,6000,5.99,0,0.24,N,7
21,112800,MORTGAGE,2.0,EDUCATION,C,16000,13.48,1,0.14,Y,2
26,42600,RENT,3.0,PERSONAL,D,9000,14.96,0,0.21,N,2
35,54996,RENT,1.0,VENTURE,B,3000,12.21,0,0.05,N,5
26,41000,RENT,1.0,DEBTCONSOLIDATION,A,6600,8.0,0,0.16,N,2
22,65000,RENT,6.0,PERSONAL,C,9600,12.99,0,0.15,Y,4
22,51996,MORTGAGE,6.0,EDUCATION,A,9600,7.14,0,0.18,N,4
31,77940,MORTGAGE,3.0,VENTURE,B,16250,10.99,0,0.21,N,9
69,37000,RENT,6.0,MEDICAL,D,10750,14.59,0,0.29,Y,27
28,50000,RENT,5.0,PERSONAL,C,12000,13.11,0,0.24,N,10
32,44500,OWN,3.0,EDUCATION,A,15000,7.51,0,0.34,N,5
32,105000,RENT,15.0,EDUCATION,B,3000,,0,0.03,N,7
23,110000,MORTGAGE,1.0,PERSONAL,B,18000,10.37,0,0.16,N,3
24,54996,RENT,0.0,HOMEIMPROVEMENT,B,5000,10.39,0,0.09,N,2
40,114054,MORTGAGE,3.0,DEBTCONSOLIDATION,A,35000,8.9,0,0.31,N,14
23,16000,RENT,6.0,DEBTCONSOLIDATION,C,2250,13.49,0,0.14,N,4
23,120000,RENT,7.0,EDUCATION,B,12000,11.71,0,0.1,N,4
25,76300,MORTGAGE,9.0,HOMEIMPROVEMENT,B,3000,11.86,0,0.04,N,2
21,19968,RENT,4.0,EDUCATION,C,5000,,1,0.25,N,2
22,20400,RENT,,PERSONAL,B,5000,12.42,0,0.25,N,2
31,42000,RENT,1.0,MEDICAL,B,12000,10.99,0,0.29,N,9
49,69000,RENT,11.0,VENTURE,C,10000,13.48,0,0.14,N,16
38,35000,RENT,0.0,DEBTCONSOLIDATION,B,5600,11.11,0,0.16,N,17
24,100000,MORTGAGE,2.0,EDUCATION,B,7700,10.74,0,0.08,N,2
24,98000,MORTGAGE,0.0,DEBTCONSOLIDATION,D,13200,15.28,1,0.13,Y,3
37,86000,RENT,0.0,PERSONAL,A,6000,7.14,0,0.07,N,17
32,50004,RENT,5.0,EDUCATION,D,2200,15.65,0,0.04,Y,9
35,14400,RENT,2.0,VENTURE,B,4800,10.62,1,0.33,N,7
27,85000,RENT,11.0,DEBTCONSOLIDATION,C,6000,13.43,0,0.07,Y,5
26,108000,MORTGAGE,4.0,HOMEIMPROVEMENT,B,7200,9.62,0,0.07,N,2
25,102211,MORTGAGE,3.0,DEBTCONSOLIDATION,B,15000,11.58,0,0.15,N,2
22,50000,RENT,6.0,PERSONAL,B,6000,11.89,0,0.12,N,2
23,49635,MORTGAGE,6.0,PERSONAL,A,12000,7.29,1,0.24,N,3
24,56000,MORTGAGE,3.0,EDUCATION,A,15000,8.49,0,0.27,N,2
22,29184,OWN,,MEDICAL,A,1800,5.42,0,0.06,N,4
23,36000,MORTGAGE,7.0,HOMEIMPROVEMENT,A,10750,,1,0.3,N,3
22,48996,RENT,4.0,EDUCATION,C,10000,12.87,0,0.2,N,2
22,45630,RENT,0.0,EDUCATION,E,2500,18.64,1,0.05,N,2
28,60000,OWN,1.0,HOMEIMPROVEMENT,D,22000,14.09,0,0.37,Y,8
25,46116,MORTGAGE,9.0,DEBTCONSOLIDATION,C,10000,11.03,0,0.22,N,3
32,54000,RENT,8.0,VENTURE,B,20000,11.11,1,0.37,N,7
31,32400,MORTGAGE,4.0,VENTURE,C,7500,13.48,0,0.23,N,5
26,60000,MORTGAGE,10.0,VENTURE,B,20000,12.69,0,0.33,N,2
34,168000,RENT,0.0,DEBTCONSOLIDATION,B,24250,11.83,0,0.14,N,10
25,19200,RENT,0.0,PERSONAL,C,1825,12.68,0,0.1,Y,2
22,78000,RENT,7.0,PERSONAL,A,3000,6.99,0,0.04,N,4
24,60000,RENT,1.0,MEDICAL,C,10000,12.73,0,0.17,Y,2
24,51000,MORTGAGE,8.0,DEBTCONSOLIDATION,B,12000,,1,0.24,N,3
38,36400,RENT,1.0,PERSONAL,C,6000,12.87,0,0.16,Y,17
25,80000,RENT,9.0,PERSONAL,A,2100,,0,0.03,N,4
33,93000,MORTGAGE,0.0,DEBTCONSOLIDATION,A,13000,7.51,0,0.14,N,6
25,47000,RENT,1.0,EDUCATION,C,6000,12.87,0,0.13,Y,3
23,102000,MORTGAGE,2.0,PERSONAL,A,6000,7.51,0,0.06,N,2
30,63000,MORTGAGE,2.0,EDUCATION,B,8000,10.25,0,0.13,N,6
25,54000,RENT,1.0,VENTURE,A,3000,9.32,0,0.06,N,3
22,50000,MORTGAGE,0.0,EDUCATION,A,12800,5.79,0,0.26,N,3
30,100000,MORTGAGE,14.0,MEDICAL,B,15000,11.14,0,0.15,N,9
26,156000,MORTGAGE,5.0,PERSONAL,B,7000,9.91,0,0.04,N,4
29,33000,RENT,2.0,PERSONAL,C,1700,15.23,0,0.05,Y,9
22,70000,RENT,4.0,EDUCATION,B,10000,12.69,0,0.14,N,4
29,36000,MORTGAGE,6.0,PERSONAL,A,8000,6.54,1,0.22,N,8
23,64000,RENT,5.0,VENTURE,B,8000,10.0,0,0.13,N,2
30,300000,OWN,14.0,HOMEIMPROVEMENT,B,35000,10.59,0,0.12,N,10
32,35830,RENT,,DEBTCONSOLIDATION,A,12000,7.51,1,0.33,N,7
28,51000,MORTGAGE,1.0,PERSONAL,A,4775,7.49,1,0.09,N,6
25,12732,RENT,,HOMEIMPROVEMENT,C,1550,15.27,1,0.12,N,2
22,75600,MORTGAGE,3.0,EDUCATION,A,10000,,0,0.13,N,4
24,57996,RENT,8.0,MEDICAL,D,2000,15.37,1,0.03,N,4
34,63500,MORTGAGE,18.0,HOMEIMPROVEMENT,A,5125,8.49,0,0.08,N,5
26,200000,MORTGAGE,4.0,PERSONAL,C,3000,13.92,0,0.01,N,3
26,36000,RENT,1.0,VENTURE,A,7000,8.94,0,0.19,N,3
29,68004,RENT,2.0,EDUCATION,C,2500,12.99,0,0.04,Y,9
24,31944,RENT,8.0,MEDICAL,C,7200,13.79,0,0.23,N,2
24,29000,RENT,4.0,PERSONAL,B,2500,10.99,0,0.09,N,3
24,30000,RENT,8.0,VENTURE,B,4800,11.49,0,0.16,N,2
27,26208,RENT,0.0,EDUCATION,C,3000,13.98,0,0.11,N,10
23,84554,MORTGAGE,3.0,DEBTCONSOLIDATION,A,3600,6.03,0,0.04,N,2
31,120600,RENT,5.0,VENTURE,C,10000,13.49,1,0.08,N,5
22,43200,RENT,6.0,EDUCATION,B,4000,11.11,0,0.09,N,2
24,56100,RENT,7.0,MEDICAL,D,25000,16.49,1,0.38,N,4
31,94527,RENT,7.0,HOMEIMPROVEMENT,A,11000,7.49,0,0.12,N,9
23,42806,MORTGAGE,7.0,EDUCATION,A,1000,7.51,0,0.02,N,2
42,72000,MORTGAGE,20.0,HOMEIMPROVEMENT,A,8400,6.62,0,0.12,N,11
31,50268,MORTGAGE,4.0,PERSONAL,D,12000,12.61,0,0.24,N,9
28,80000,RENT,8.0,VENTURE,D,14000,14.91,0,0.17,N,5
25,18000,RENT,1.0,PERSONAL,B,5500,11.71,1,0.31,N,2
33,135000,OWN,0.0,PERSONAL,A,6275,6.91,0,0.05,N,7
28,84000,RENT,7.0,PERSONAL,E,25000,15.95,0,0.3,Y,7
29,32000,RENT,13.0,EDUCATION,B,6000,12.18,0,0.19,N,10
28,50000,MORTGAGE,0.0,PERSONAL,A,9000,,0,0.18,N,7
24,56004,RENT,2.0,MEDICAL,C,14000,12.61,0,0.25,N,2
34,50725,RENT,1.0,VENTURE,C,5400,13.16,0,0.11,Y,6
32,30000,RENT,0.0,VENTURE,A,8000,7.74,0,0.27,N,9
22,30004,RENT,6.0,MEDICAL,B,6600,10.33,0,0.22,N,2
24,47000,MORTGAGE,7.0,MEDICAL,B,15000,10.74,0,0.32,N,2
28,54000,RENT,11.0,DEBTCONSOLIDATION,D,10000,16.02,1,0.19,Y,8
24,133000,RENT,3.0,EDUCATION,D,20000,12.36,0,0.15,Y,2
26,44000,RENT,10.0,DEBTCONSOLIDATION,D,14000,14.83,1,0.32,N,2
22,42000,RENT,6.0,EDUCATION,B,2000,10.36,0,0.05,N,4
22,30000,RENT,2.0,EDUCATION,C,5000,,0,0.17,Y,2
32,200000,RENT,14.0,VENTURE,B,25000,10.62,0,0.13,N,9
32,98000,MORTGAGE,16.0,DEBTCONSOLIDATION,B,15000,10.95,1,0.15,N,5
22,25000,RENT,1.0,EDUCATION,B,2050,10.59,0,0.08,N,3
35,175000,OWN,19.0,MEDICAL,C,24000,12.73,0,0.14,N,10
31,18996,OWN,6.0,HOMEIMPROVEMENT,C,7000,,1,0.37,N,8
35,32000,MORTGAGE,1.0,DEBTCONSOLIDATION,D,10750,14.96,1,0.34,Y,5
25,28000,MORTGAGE,9.0,MEDICAL,A,4000,7.68,0,0.14,N,2
29,65000,MORTGAGE,9.0,PERSONAL,A,6000,6.99,0,0.09,N,10
27,68000,OWN,11.0,PERSONAL,A,20000,7.9,0,0.29,N,9
25,72345,RENT,10.0,EDUCATION,C,10000,12.99,0,0.14,N,4
31,66000,RENT,11.0,HOMEIMPROVEMENT,B,10500,12.69,0,0.16,N,10
24,61400,RENT,1.0,DEBTCONSOLIDATION,C,12250,12.23,0,0.2,Y,2
39,100300,RENT,2.0,MEDICAL,D,25000,15.7,1,0.21,Y,16
23,49152,RENT,2.0,PERSONAL,A,6000,7.9,0,0.12,N,3
22,96000,MORTGAGE,4.0,VENTURE,A,8000,7.88,0,0.08,N,4
27,17795,OWN,4.0,MEDICAL,A,2650,,0,0.15,N,8
30,38004,RENT,4.0,VENTURE,B,6000,,0,0.16,N,10
30,38400,MORTGAGE,14.0,DEBTCONSOLIDATION,A,16750,7.88,0,0.44,N,5
23,36000,OWN,7.0,EDUCATION,B,6000,8.88,0,0.17,N,2
28,11340,OWN,,DEBTCONSOLIDATION,A,2325,6.39,1,0.21,N,7
36,80000,RENT,7.0,HOMEIMPROVEMENT,C,6000,12.87,0,0.07,N,16
30,70000,RENT,0.0,DEBTCONSOLIDATION,C,15000,13.61,0,0.21,Y,6
29,65000,RENT,4.0,PERSONAL,D,12000,16.49,0,0.18,N,7
26,55000,OWN,10.0,VENTURE,C,14500,12.73,0,0.26,N,2
24,30000,MORTGAGE,,DEBTCONSOLIDATION,A,3075,,0,0.1,N,4
25,60000,RENT,2.0,EDUCATION,B,20000,,1,0.33,N,2
38,24000,MORTGAGE,6.0,DEBTCONSOLIDATION,A,1500,6.03,0,0.06,N,16
24,93000,MORTGAGE,3.0,VENTURE,C,18000,11.78,0,0.19,Y,3
37,60000,RENT,21.0,VENTURE,B,16000,,0,0.27,N,15
23,26000,RENT,1.0,EDUCATION,B,4000,,0,0.15,N,4
28,43000,MORTGAGE,4.0,MEDICAL,A,13800,6.91,0,0.32,N,6
39,72000,RENT,5.0,MEDICAL,B,20000,12.69,0,0.28,N,14
21,59000,RENT,4.0,MEDICAL,C,5000,14.22,1,0.08,N,3
29,48000,RENT,6.0,MEDICAL,B,6025,10.65,0,0.13,N,9
31,60000,RENT,5.0,HOMEIMPROVEMENT,A,12000,7.49,0,0.2,N,10
25,29120,RENT,0.0,HOMEIMPROVEMENT,D,6400,16.29,1,0.22,N,2
23,62000,MORTGAGE,2.0,VENTURE,C,5000,13.57,0,0.08,Y,3
30,54000,MORTGAGE,0.0,VENTURE,A,9600,,0,0.18,N,8
37,55000,RENT,4.0,PERSONAL,B,3000,,0,0.05,N,14
27,130000,MORTGAGE,11.0,DEBTCONSOLIDATION,A,10200,7.51,0,0.08,N,6
22,22500,RENT,2.0,DEBTCONSOLIDATION,B,7000,10.38,1,0.31,N,3
27,65000,MORTGAGE,11.0,HOMEIMPROVEMENT,A,8000,7.49,0,0.12,N,9
22,59000,RENT,4.0,MEDICAL,E,16000,16.32,1,0.27,N,3
43,65000,RENT,2.0,MEDICAL,B,5000,9.62,0,0.08,N,16
43,71015,RENT,8.0,VENTURE,B,5000,11.14,0,0.07,N,14
35,65000,MORTGAGE,5.0,DEBTCONSOLIDATION,B,25000,9.51,0,0.38,N,10
33,114000,MORTGAGE,2.0,DEBTCONSOLIDATION,C,21000,13.16,0,0.18,N,9
22,62364,RENT,2.0,EDUCATION,B,10000,10.99,0,0.16,N,2
29,51000,MORTGAGE,12.0,PERSONAL,B,1800,11.49,0,0.04,N,8
24,38272,RENT,1.0,VENTURE,C,15250,14.17,1,0.4,Y,2
22,66000,OWN,1.0,VENTURE,C,15000,14.79,0,0.23,Y,3
28,33000,OWN,1.0,HOMEIMPROVEMENT,D,7500,15.31,0,0.23,Y,6
31,190000,MORTGAGE,4.0,DEBTCONSOLIDATION,A,9000,6.03,0,0.05,N,7
28,50000,MORTGAGE,8.0,EDUCATION,A,7000,8.59,0,0.14,N,9
22,40000,RENT,0.0,MEDICAL,C,9600,14.72,0,0.24,Y,2
25,60000,OWN,8.0,VENTURE,B,14000,11.12,0,0.23,N,2
55,94000,MORTGAGE,11.0,PERSONAL,A,4000,6.62,0,0.04,N,26
22,38000,MORTGAGE,3.0,DEBTCONSOLIDATION,A,6000,7.51,0,0.16,N,4
25,86004,MORTGAGE,3.0,PERSONAL,A,15000,6.91,1,0.17,N,4
44,36000,MORTGAGE,0.0,VENTURE,B,1000,11.48,0,0.03,N,15
40,90000,RENT,1.0,EDUCATION,C,1500,14.27,0,0.02,Y,14
25,33800,MORTGAGE,2.0,EDUCATION,D,10000,15.31,0,0.3,N,4
22,53500,RENT,2.0,EDUCATION,B,10000,9.99,0,0.19,N,3
21,28776,MORTGAGE,,VENTURE,A,8000,8.9,0,0.28,N,2
26,64260,MORTGAGE,3.0,MEDICAL,A,4500,8.94,0,0.07,N,2
37,85000,MORTGAGE,4.0,HOMEIMPROVEMENT,B,5500,12.69,0,0.06,N,11
23,48000,RENT,1.0,VENTURE,A,4325,5.42,0,0.09,N,4
22,42000,RENT,6.0,DEBTCONSOLIDATION,A,10000,6.17,0,0.24,N,3
34,54000,MORTGAGE,18.0,HOMEIMPROVEMENT,A,4000,6.39,0,0.07,N,5
27,57000,RENT,2.0,EDUCATION,B,12000,11.49,0,0.21,N,9
29,8472,RENT,2.0,PERSONAL,A,3000,7.49,1,0.35,N,7
23,65000,MORTGAGE,0.0,DEBTCONSOLIDATION,B,18000,9.99,0,0.28,N,4
25,67000,MORTGAGE,9.0,PERSONAL,C,25000,10.91,1,0.37,N,3
36,40000,MORTGAGE,8.0,EDUCATION,A,6000,8.49,0,0.15,N,17
30,46000,RENT,5.0,DEBTCONSOLIDATION,A,8000,7.14,0,0.17,N,10
26,95000,RENT,9.0,HOMEIMPROVEMENT,D,18000,15.31,0,0.19,N,3
29,45000,OWN,13.0,VENTURE,B,15000,11.49,0,0.33,N,8
35,35000,MORTGAGE,,EDUCATION,B,4000,9.63,0,0.11,N,8
26,28800,OWN,8.0,EDUCATION,A,6000,8.9,0,0.21,N,3
28,61000,MORTGAGE,12.0,PERSONAL,A,12000,6.03,0,0.2,N,7
25,49200,MORTGAGE,2.0,EDUCATION,B,6000,10.0,0,0.12,N,2
25,54000,MORTGAGE,6.0,VENTURE,E,7000,18.64,0,0.13,N,3
25,115200,MORTGAGE,1.0,VENTURE,A,14000,6.62,0,0.12,N,3
34,171996,MORTGAGE,1.0,PERSONAL,D,15000,14.96,0,0.09,N,5
30,55000,MORTGAGE,1.0,PERSONAL,B,6500,10.99,0,0.12,N,9
23,80004,MORTGAGE,2.0,VENTURE,B,19000,10.62,0,0.24,N,2
30,48000,OWN,3.0,HOMEIMPROVEMENT,C,1500,13.48,0,0.03,Y,5
23,37440,RENT,8.0,EDUCATION,E,8000,14.18,0,0.21,N,2
28,39000,RENT,0.0,MEDICAL,A,9600,7.49,0,0.25,N,8
27,60500,RENT,6.0,MEDICAL,B,2400,12.69,0,0.04,N,8
23,76000,MORTGAGE,7.0,DEBTCONSOLIDATION,D,9000,,1,0.12,Y,3
23,9600,RENT,3.0,DEBTCONSOLIDATION,B,2100,10.62,1,0.22,N,3
33,70000,MORTGAGE,3.0,VENTURE,C,20000,12.84,0,0.29,Y,7
30,350000,OWN,3.0,PERSONAL,A,32000,6.62,0,0.09,N,7
27,62400,MORTGAGE,12.0,DEBTCONSOLIDATION,A,12000,5.42,0,0.19,N,8
30,40000,RENT,11.0,DEBTCONSOLIDATION,B,10000,10.65,0,0.25,N,5
29,32000,RENT,2.0,EDUCATION,C,7000,14.65,1,0.22,Y,10
30,28800,RENT,2.0,PERSONAL,C,6000,15.23,0,0.21,Y,6
25,72612,RENT,9.0,MEDICAL,C,25000,13.11,1,0.34,N,2
31,56004,RENT,3.0,EDUCATION,D,9000,14.46,1,0.16,Y,5
27,61500,MORTGAGE,3.0,HOMEIMPROVEMENT,B,6000,10.99,0,0.1,N,7
27,72000,RENT,11.0,EDUCATION,A,12000,6.62,0,0.17,N,8
23,84500,MORTGAGE,3.0,VENTURE,A,10000,7.51,0,0.12,N,4
22,50004,MORTGAGE,6.0,EDUCATION,C,2500,12.53,0,0.05,N,2
26,56000,RENT,7.0,MEDICAL,E,22000,17.19,1,0.39,N,3
30,59000,MORTGAGE,4.0,MEDICAL,A,10000,8.0,1,0.17,N,9
24,22000,OWN,1.0,EDUCATION,D,3000,16.0,0,0.14,N,2
29,39600,MORTGAGE,0.0,EDUCATION,B,5600,10.65,0,0.14,N,8
34,54000,RENT,2.0,HOMEIMPROVEMENT,D,15000,14.11,1,0.28,Y,7
24,96000,MORTGAGE,6.0,VENTURE,A,12000,5.42,0,0.13,N,4
22,55500,MORTGAGE,6.0,MEDICAL,A,3000,7.37,0,0.05,N,2
24,120000,MORTGAGE,9.0,EDUCATION,B,20000,9.99,0,0.17,N,4
22,48000,RENT,7.0,VENTURE,A,5000,6.99,0,0.1,N,2
22,21600,RENT,1.0,VENTURE,B,9000,9.83,1,0.42,N,4
32,60000,RENT,0.0,PERSONAL,B,10000,12.42,0,0.17,N,9
26,34000,RENT,4.0,PERSONAL,E,4200,16.82,1,0.12,Y,3
36,59617,MORTGAGE,14.0,HOMEIMPROVEMENT,D,21000,15.62,0,0.35,N,13
32,60000,RENT,3.0,MEDICAL,B,2375,11.83,0,0.04,N,7
37,65004,MORTGAGE,5.0,MEDICAL,B,17000,11.26,0,0.26,N,13
29,62200,RENT,3.0,PERSONAL,E,12000,19.03,0,0.19,N,6
25,100000,MORTGAGE,2.0,VENTURE,C,16000,14.79,0,0.16,Y,2
22,59813,MORTGAGE,6.0,MEDICAL,E,20000,17.74,1,0.28,N,3
23,32004,OWN,0.0,EDUCATION,E,9250,17.19,0,0.29,N,4
42,210000,MORTGAGE,3.0,VENTURE,C,16000,13.47,0,0.08,N,11
27,37000,RENT,,MEDICAL,B,9000,11.11,0,0.24,N,5
31,44000,RENT,4.0,DEBTCONSOLIDATION,D,12000,17.27,1,0.27,N,7
22,127500,MORTGAGE,2.0,MEDICAL,A,15000,7.49,0,0.12,N,4
23,87500,MORTGAGE,2.0,PERSONAL,B,1600,9.88,0,0.02,N,2
41,58000,MORTGAGE,12.0,DEBTCONSOLIDATION,A,1800,7.51,0,0.03,N,12
23,57600,MORTGAGE,,DEBTCONSOLIDATION,A,10000,6.03,0,0.17,N,4
28,57000,MORTGAGE,13.0,PERSONAL,C,9600,15.96,0,0.17,Y,9
27,48996,RENT,3.0,VENTURE,B,12000,12.53,0,0.24,N,6
21,25200,RENT,2.0,EDUCATION,A,6000,7.49,0,0.24,N,3
40,100300,MORTGAGE,2.0,MEDICAL,D,25000,14.83,1,0.21,N,16
35,45000,RENT,3.0,DEBTCONSOLIDATION,C,15000,,1,0.33,N,8
23,45000,RENT,3.0,EDUCATION,B,3600,11.49,0,0.08,N,3
23,62000,RENT,7.0,VENTURE,D,5500,17.49,0,0.09,N,3
21,84000,MORTGAGE,5.0,DEBTCONSOLIDATION,B,10000,12.53,0,0.12,N,4
48,73000,MORTGAGE,14.0,VENTURE,A,10000,7.29,0,0.14,N,12
31,83300,MORTGAGE,9.0,MEDICAL,D,10000,,1,0.1,Y,5
24,99996,MORTGAGE,5.0,MEDICAL,C,10000,13.61,0,0.1,Y,3
23,160000,MORTGAGE,2.0,EDUCATION,D,25000,15.65,0,0.16,Y,2
22,61104,RENT,6.0,EDUCATION,B,6000,,0,0.1,N,4
29,45200,MORTGAGE,7.0,MEDICAL,D,6000,16.49,1,0.13,Y,10
25,45000,MORTGAGE,3.0,EDUCATION,A,9000,6.62,0,0.2,N,3
24,135000,MORTGAGE,4.0,MEDICAL,A,25000,7.49,0,0.19,N,2
35,95142,MORTGAGE,18.0,PERSONAL,D,12000,14.84,0,0.13,Y,9
23,48672,RENT,6.0,EDUCATION,A,12000,7.42,0,0.25,N,3
21,15000,RENT,4.0,EDUCATION,D,2200,,0,0.15,Y,4
37,39600,MORTGAGE,17.0,HOMEIMPROVEMENT,A,6000,,0,0.15,N,17
27,65000,RENT,0.0,MEDICAL,B,6000,11.14,0,0.09,N,9
24,33000,MORTGAGE,3.0,PERSONAL,E,1250,19.29,0,0.04,N,4
25,32004,RENT,0.0,MEDICAL,C,7200,12.84,0,0.22,N,4
25,5000,RENT,0.0,EDUCATION,B,1000,9.64,1,0.2,N,4
21,40000,MORTGAGE,5.0,PERSONAL,A,5000,6.62,0,0.13,N,2
27,24000,RENT,2.0,MEDICAL,A,1450,,0,0.06,N,9
34,97356,RENT,12.0,PERSONAL,C,20000,13.22,0,0.21,Y,7
23,50000,RENT,0.0,DEBTCONSOLIDATION,B,5000,10.25,0,0.1,N,2
22,29100,RENT,2.0,PERSONAL,D,6250,16.07,1,0.21,Y,3
30,80000,MORTGAGE,1.0,EDUCATION,B,4975,10.59,0,0.06,N,9
23,53000,MORTGAGE,6.0,DEBTCONSOLIDATION,B,6000,10.65,1,0.11,N,3
25,49000,MORTGAGE,9.0,DEBTCONSOLIDATION,A,7000,6.99,0,0.14,N,3
28,30000,RENT,2.0,PERSONAL,A,5200,5.42,0,0.17,N,7
40,54400,MORTGAGE,16.0,MEDICAL,F,25000,18.09,1,0.39,N,12
24,80000,MORTGAGE,2.0,MEDICAL,B,2500,11.49,0,0.03,N,2
28,46097,MORTGAGE,12.0,DEBTCONSOLIDATION,B,6000,10.75,0,0.13,N,8
24,60400,OWN,5.0,VENTURE,A,5500,8.0,0,0.09,N,2
24,96000,MORTGAGE,7.0,PERSONAL,C,6000,13.92,0,0.06,N,3
24,54000,RENT,2.0,DEBTCONSOLIDATION,A,7800,7.9,0,0.14,N,4
34,70000,RENT,1.0,EDUCATION,D,4200,14.61,1,0.06,N,6
27,60000,OWN,4.0,MEDICAL,B,10425,9.45,0,0.17,N,8
28,70900,MORTGAGE,12.0,EDUCATION,D,25000,15.37,0,0.35,Y,6
29,40320,RENT,6.0,MEDICAL,B,7800,8.88,0,0.19,N,10
28,70000,MORTGAGE,0.0,EDUCATION,A,5000,7.43,0,0.07,N,5
25,65000,RENT,8.0,VENTURE,A,18000,,0,0.28,N,3
30,91000,MORTGAGE,9.0,DEBTCONSOLIDATION,B,18500,12.42,0,0.2,N,7
29,45000,RENT,0.0,MEDICAL,C,12000,12.99,0,0.27,N,8
25,110500,RENT,9.0,VENTURE,D,6400,13.67,0,0.06,N,3
44,584800,MORTGAGE,4.0,MEDICAL,C,20000,,1,0.03,Y,16
24,75000,MORTGAGE,0.0,EDUCATION,B,7000,11.99,0,0.09,N,3
39,12000,RENT,,VENTURE,B,2000,10.65,1,0.17,N,11
36,72000,OWN,5.0,VENTURE,B,6000,11.36,0,0.08,N,17
22,46610,RENT,6.0,DEBTCONSOLIDATION,B,18000,10.71,1,0.39,N,3
33,105000,MORTGAGE,6.0,PERSONAL,C,5150,12.41,0,0.05,Y,9
23,40000,RENT,1.0,VENTURE,B,4600,10.59,0,0.12,N,3
24,60000,RENT,0.0,PERSONAL,B,25000,10.99,1,0.42,N,3
24,80155,RENT,8.0,MEDICAL,F,5000,,1,0.05,N,3
22,50000,OWN,6.0,MEDICAL,A,15000,8.63,0,0.3,N,2
48,55000,RENT,9.0,MEDICAL,C,10200,13.92,0,0.19,N,16
22,78996,RENT,1.0,DEBTCONSOLIDATION,D,12000,15.95,1,0.15,Y,3
22,63400,MORTGAGE,6.0,PERSONAL,B,10500,9.99,0,0.17,N,2
23,55000,MORTGAGE,5.0,DEBTCONSOLIDATION,C,8000,13.85,0,0.15,N,4
34,39600,MORTGAGE,16.0,PERSONAL,A,2400,6.03,0,0.06,N,9
21,35000,OWN,2.0,MEDICAL,A,11000,7.88,0,0.31,N,2
25,42000,RENT,5.0,EDUCATION,C,10000,12.99,0,0.24,Y,2
25,73000,RENT,4.0,MEDICAL,B,10000,11.71,0,0.14,N,3
26,60000,RENT,2.0,HOMEIMPROVEMENT,D,18000,16.29,1,0.3,Y,2
29,47000,RENT,0.0,MEDICAL,B,3000,10.25,0,0.06,N,7
29,68000,MORTGAGE,14.0,EDUCATION,A,20000,8.9,0,0.29,N,5
23,47004,RENT,3.0,EDUCATION,C,4000,12.53,0,0.09,Y,4
23,29004,RENT,7.0,DEBTCONSOLIDATION,D,1500,14.59,1,0.05,Y,2
29,105000,MORTGAGE,3.0,VENTURE,A,20000,6.91,0,0.19,N,8
26,33000,RENT,1.0,VENTURE,B,3500,10.25,0,0.11,N,2
23,40000,RENT,5.0,PERSONAL,B,2000,11.71,0,0.05,N,2
22,56004,OWN,5.0,EDUCATION,C,12000,13.98,0,0.21,N,3
24,80000,MORTGAGE,8.0,VENTURE,C,12000,13.99,0,0.15,Y,3
26,95000,MORTGAGE,0.0,HOMEIMPROVEMENT,D,20000,14.96,0,0.21,N,4
27,125000,MORTGAGE,7.0,EDUCATION,A,9000,7.51,0,0.07,N,6
25,86000,RENT,9.0,EDUCATION,D,16000,16.29,0,0.19,Y,2
27,95000,MORTGAGE,11.0,DEBTCONSOLIDATION,C,18000,13.48,0,0.19,N,9
34,63000,MORTGAGE,3.0,DEBTCONSOLIDATION,B,15000,10.99,0,0.24,N,9
27,72000,RENT,4.0,DEBTCONSOLIDATION,C,6000,15.96,0,0.08,N,10
31,34000,RENT,0.0,MEDICAL,A,7500,8.94,0,0.22,N,8
33,34500,OWN,0.0,PERSONAL,B,10000,9.63,0,0.29,N,7
33,155000,RENT,3.0,MEDICAL,A,8000,7.9,0,0.05,N,6
23,33012,OWN,2.0,EDUCATION,B,12200,10.99,0,0.37,N,4
35,67000,MORTGAGE,10.0,PERSONAL,A,3300,7.88,0,0.05,N,6
25,63000,RENT,6.0,VENTURE,C,4200,14.22,0,0.07,N,4
22,60000,RENT,4.0,PERSONAL,A,9600,7.9,0,0.16,N,3
24,100300,RENT,3.0,MEDICAL,B,7500,11.49,0,0.07,N,4
24,65450,RENT,7.0,DEBTCONSOLIDATION,A,9600,8.49,0,0.15,N,2
22,33600,RENT,2.0,MEDICAL,B,10000,,0,0.3,N,4
24,60000,MORTGAGE,8.0,MEDICAL,A,17000,7.49,0,0.28,N,2
23,69600,OWN,7.0,VENTURE,B,1925,9.91,0,0.03,N,4
27,59578,RENT,11.0,HOMEIMPROVEMENT,D,6000,14.59,0,0.1,Y,7
22,38000,RENT,0.0,EDUCATION,B,2000,11.36,0,0.05,N,3
27,140000,MORTGAGE,2.0,EDUCATION,B,14000,,0,0.1,N,5
42,44000,RENT,0.0,EDUCATION,C,8400,13.57,1,0.19,Y,13
25,60000,MORTGAGE,0.0,DEBTCONSOLIDATION,A,4000,5.99,0,0.07,N,4
23,39000,MORTGAGE,3.0,EDUCATION,C,5000,12.98,0,0.13,N,4
22,35496,RENT,6.0,VENTURE,D,10200,,0,0.29,Y,3
25,60000,RENT,1.0,PERSONAL,A,10000,,0,0.17,N,4
27,258000,RENT,11.0,EDUCATION,E,35000,18.64,1,0.14,Y,7
42,42000,RENT,6.0,EDUCATION,D,14500,15.57,1,0.35,N,14
21,52000,RENT,5.0,PERSONAL,D,16000,15.7,1,0.31,N,4
27,54400,MORTGAGE,11.0,MEDICAL,D,3000,,1,0.05,Y,5
24,32000,RENT,2.0,EDUCATION,B,2000,10.59,1,0.06,N,3
28,45000,MORTGAGE,0.0,EDUCATION,A,3600,,0,0.08,N,8
26,38400,RENT,7.0,PERSONAL,C,3200,13.49,0,0.08,N,2
31,12000,RENT,2.0,EDUCATION,B,2400,11.71,1,0.2,N,10
36,120000,MORTGAGE,5.0,HOMEIMPROVEMENT,B,25000,10.99,0,0.21,N,11
21,14400,OWN,0.0,HOMEIMPROVEMENT,B,3000,,1,0.21,N,4
28,30000,RENT,0.0,DEBTCONSOLIDATION,D,14125,14.74,1,0.47,N,10
27,81193,RENT,2.0,DEBTCONSOLIDATION,B,12000,10.71,0,0.15,N,6
22,54000,RENT,2.0,DEBTCONSOLIDATION,B,12000,10.99,0,0.22,N,2
42,75000,RENT,6.0,MEDICAL,A,17000,7.9,0,0.23,N,13
30,90000,RENT,2.0,DEBTCONSOLIDATION,B,20000,11.99,0,0.22,N,9
27,45996,RENT,3.0,VENTURE,C,10000,,0,0.22,Y,5
33,24000,RENT,0.0,EDUCATION,C,2000,14.35,0,0.08,Y,7
28,65450,MORTGAGE,5.0,MEDICAL,D,15000,16.89,1,0.19,N,9
22,30000,RENT,3.0,VENTURE,B,8000,12.53,0,0.27,N,2
53,304800,RENT,6.0,VENTURE,B,5000,8.88,0,0.02,N,29
33,69000,RENT,3.0,HOMEIMPROVEMENT,B,15000,10.62,1,0.22,N,7
41,28800,RENT,2.0,EDUCATION,C,1000,,0,0.03,N,13
25,38000,RENT,8.0,PERSONAL,A,6000,6.99,0,0.16,N,4
28,110004,MORTGAGE,2.0,EDUCATION,B,15000,,0,0.14,N,5
32,36000,MORTGAGE,7.0,HOMEIMPROVEMENT,A,2600,7.49,0,0.07,N,8
33,44500,OWN,6.0,EDUCATION,B,20000,,0,0.45,N,6
25,42000,RENT,2.0,VENTURE,B,2000,9.25,0,0.05,N,3
23,39996,RENT,0.0,EDUCATION,C,6000,11.66,0,0.15,N,3
24,43200,MORTGAGE,4.0,VENTURE,A,6350,7.49,0,0.15,N,4
25,25000,RENT,4.0,DEBTCONSOLIDATION,B,8500,11.26,1,0.34,N,2
25,20800,RENT,0.0,HOMEIMPROVEMENT,D,2800,15.21,1,0.13,Y,4
28,54400,RENT,1.0,MEDICAL,D,8000,15.65,1,0.13,N,10
36,60000,RENT,2.0,HOMEIMPROVEMENT,B,15000,,0,0.25,N,12
36,48000,MORTGAGE,17.0,VENTURE,A,10000,9.63,0,0.21,N,14
27,120000,MORTGAGE,3.0,PERSONAL,B,14000,11.99,0,0.12,N,10
22,82000,RENT,6.0,EDUCATION,C,20000,,0,0.24,Y,2
46,60000,MORTGAGE,7.0,PERSONAL,A,3600,6.99,0,0.06,N,13
23,17000,RENT,0.0,VENTURE,B,1750,10.95,0,0.1,N,3
24,50000,RENT,2.0,HOMEIMPROVEMENT,B,7500,10.01,0,0.15,N,3
23,24000,RENT,4.0,DEBTCONSOLIDATION,A,5000,6.62,0,0.21,N,2
29,144000,MORTGAGE,11.0,MEDICAL,B,7000,10.59,0,0.05,N,10
22,74000,MORTGAGE,6.0,MEDICAL,A,4000,6.99,0,0.05,N,4
29,48000,RENT,6.0,EDUCATION,B,6025,10.65,0,0.13,N,6
25,79900,MORTGAGE,7.0,MEDICAL,B,15000,11.12,1,0.16,N,4
31,44960,MORTGAGE,0.0,DEBTCONSOLIDATION,B,5000,10.95,1,0.11,N,10
22,40269,MORTGAGE,6.0,DEBTCONSOLIDATION,C,6625,15.23,0,0.16,Y,3
45,107473,RENT,0.0,MEDICAL,C,4800,12.23,0,0.04,Y,11
26,51600,RENT,10.0,EDUCATION,B,14000,10.37,1,0.27,N,2
26,30000,RENT,3.0,DEBTCONSOLIDATION,A,6000,7.74,0,0.2,N,3
31,52000,MORTGAGE,15.0,PERSONAL,B,15200,12.21,0,0.29,N,8
26,73000,MORTGAGE,10.0,EDUCATION,A,10625,6.03,0,0.15,N,4
24,78000,MORTGAGE,8.0,DEBTCONSOLIDATION,A,3600,5.42,0,0.05,N,4
30,35000,RENT,8.0,MEDICAL,A,6000,7.9,0,0.17,N,9
39,38500,MORTGAGE,7.0,MEDICAL,C,3500,13.98,0,0.09,Y,17
25,69000,RENT,5.0,HOMEIMPROVEMENT,A,8500,6.92,1,0.12,N,4
26,148000,RENT,1.0,DEBTCONSOLIDATION,E,20000,17.99,1,0.14,N,3
26,175000,MORTGAGE,0.0,PERSONAL,C,15000,,0,0.09,N,3
27,65000,MORTGAGE,11.0,VENTURE,A,8000,7.49,0,0.12,N,8
